,BusinessName,Longitude,Latitude,LocalAuthorityName
1082,Tesco,0.13170400000000,51.57086600000000,Barking and Dagenham
1083,Tesco,0.07076700000000,51.53631900000000,Barking and Dagenham
1084,Tesco,0.16400500000000,51.54300800000000,Barking and Dagenham
1085,Tesco,0.15363700000000,51.55159000000000,Barking and Dagenham
1086,Tesco,0.10557000339031,51.53341293334960,Barking and Dagenham
1087,Tesco,0.14813000000000,51.54185200000000,Barking and Dagenham
1088,Tesco,0.10088700000000,51.53594500000000,Barking and Dagenham
1089,Tesco,0.12055800000000,51.56299200000000,Barking and Dagenham
1090,Tesco,0.08004700000000,51.53745900000000,Barking and Dagenham
59,Asda,0.14497700000000,51.56650500000000,Barking and Dagenham
60,Asda,0.14542400000000,51.53061600000000,Barking and Dagenham
61,Asda,0.07769000000000,51.53763500000000,Barking and Dagenham
741,Morrisons,0.14843600000000,51.55938200000000,Barking and Dagenham
953,Sainsbury's,0.13355400000000,51.57154300000000,Barking and Dagenham
1870,Tesco,-0.14241400000000,51.63215900000000,Barnet
1871,Tesco,-0.22807100000000,51.58283000000000,Barnet
1872,Tesco,-0.15936900000000,51.61454000000000,Barnet
1873,Tesco,-0.24770200000000,51.61470500000000,Barnet
1874,Tesco,-0.17634800000000,51.61543500000000,Barnet
1875,Tesco,-0.15638400000000,51.60694000000000,Barnet
1876,Tesco,-0.18685200000000,51.64653100000000,Barnet
1877,Tesco,-0.21486700000000,51.57428500000000,Barnet
1879,Tesco,-0.16685600000000,51.64595100000000,Barnet
1880,Tesco,-0.16015100000000,51.62591900000000,Barnet
1881,Tesco,-0.27489000000000,51.61649300000000,Barnet
1882,Tesco,-0.19955700000000,51.65311100000000,Barnet
1883,Tesco,-0.24284450000000,51.59629860000000,Barnet
1884,Tesco,-0.29177800000000,51.62181100000000,Barnet
1885,Tesco,-0.22012100000000,51.58719600000000,Barnet
1886,Tesco,-0.19133099913597,51.60334777832030,Barnet
1609,Sainsbury's,-0.24970500171185,51.59418106079100,Barnet
1610,Sainsbury's,-0.17627000000000,51.61790940000000,Barnet
1611,Sainsbury's,-0.19467600000000,51.56996500000000,Barnet
1612,Sainsbury's,-0.17093700000000,51.64942200000000,Barnet
1613,Sainsbury's,,,Barnet
1614,Sainsbury's,-0.24430600000000,51.58367600000000,Barnet
1615,Sainsbury's,-0.19526200000000,51.60106100000000,Barnet
1616,Sainsbury's,-0.16438300000000,51.59085200000000,Barnet
1617,Sainsbury's,-0.19743099808693,51.57198715209960,Barnet
1618,Sainsbury's,-0.23049000000000,51.58262300000000,Barnet
1619,Sainsbury's,-0.27598000000000,51.61288500000000,Barnet
1310,Tesco,0.10428800000000,51.45019200000000,Bexley
1311,Tesco,0.09980700000000,51.46388700000000,Bexley
1312,Tesco,0.11025900000000,51.46763000000000,Bexley
1313,Tesco,0.16238300000000,51.47407200000000,Bexley
1314,Tesco,0.10307600000000,51.43320800000000,Bexley
1315,Tesco,0.75830000638962,51.16965866088867,Bexley
1316,Tesco,0.10977200000000,51.46207200000000,Bexley
58,Asda,0.13066600000000,51.45846500000000,Bexley
59,Asda,0.14189300000000,51.45720000000000,Bexley
892,Morrisons,0.10108300000000,51.42585100000000,Bexley
893,Morrisons,0.11081700000000,51.46224200000000,Bexley
894,Morrisons,0.18467800000000,51.48017800000000,Bexley
1138,Sainsbury's,0.12814300000000,51.47262100000000,Bexley
1139,Sainsbury's,0.15819800000000,51.46718800000000,Bexley
1140,Sainsbury's,0.14809100000000,51.45615900000000,Bexley
1141,Sainsbury's,0.14565500000000,51.48248200000000,Bexley
1142,Sainsbury's,0.13182000000000,51.46221200000000,Bexley
1143,Sainsbury's,0.21039000000000,51.44958600000000,Bexley
1847,Tesco,-0.24725500000000,51.53665500000000,Brent
1848,Tesco,-0.28417600000000,51.55677700000000,Brent
1849,Tesco,-0.20216700000000,51.54101700000000,Brent
1850,Tesco,-0.29599900000000,51.55189500000000,Brent
1851,Tesco,-0.29512200000000,51.57073900000000,Brent
1852,Tesco,-0.21724400000000,51.53198500000000,Brent
1853,Tesco,-0.26103000000000,51.54147300000000,Brent
1854,Tesco,-0.20350100000000,51.54633400000000,Brent
1855,Tesco,-0.29519700000000,51.55330500000000,Brent
1856,Tesco,-0.27995800000000,51.58521200000000,Brent
1857,Tesco,-0.31457700000000,51.55309900000000,Brent
1858,Tesco,-0.30602400000000,51.56276800000000,Brent
1859,Tesco,-0.25114200000000,51.56015600000000,Brent
1860,Tesco,-0.21921600000000,51.53355300000000,Brent
1861,Tesco,-0.25544900000000,51.55391600000000,Brent
122,Asda,-0.26113200000000,51.59399800000000,Brent
123,Asda,-0.27583300000000,51.56492700000000,Brent
1198,Morrisons,,,Brent
1559,Sainsbury's,-0.31522900000000,51.58150600000000,Brent
1560,Sainsbury's,,,Brent
1561,Sainsbury's,-0.30341400000000,51.53869400000000,Brent
1562,Sainsbury's,-0.20320700000000,51.54611400000000,Brent
1563,Sainsbury's,-0.22127800000000,51.54870000000000,Brent
1564,Sainsbury's,-0.22564300000000,51.54697700000000,Brent
1565,Sainsbury's,-0.20704000000000,51.53813300000000,Brent
1566,Sainsbury's,-0.22564300000000,51.54697600000000,Brent
1929,Tesco,0.01854300000000,51.41508000000000,Bromley
1930,Tesco,0.03847700000000,51.30835800000000,Bromley
1931,Tesco,-0.04882700000000,51.41152800000000,Bromley
1932,Tesco,0.01722600000000,51.40053500000000,Bromley
1933,Tesco,-0.03269000000000,51.40688700000000,Bromley
1934,Tesco,-0.07346900000000,51.41677400000000,Bromley
1935,Tesco,-0.05575900000000,51.41623800000000,Bromley
1936,Tesco,0.00241000000000,51.39242600000000,Bromley
1937,Tesco,0.03161000000000,51.40003500000000,Bromley
1938,Tesco,0.09667800000000,51.37389700000000,Bromley
1939,Tesco,0.12110600000000,51.41276600000000,Bromley
1940,Tesco,-0.04819200000000,51.39671500000000,Bromley
1941,Tesco,-0.06427000000000,51.40610900000000,Bromley
1942,Tesco,0.11361300000000,51.40185800000000,Bromley
1260,Morrisons,0.07412700000000,51.38806700000000,Bromley
1644,Sainsbury's,-0.02114700000000,51.37682800000000,Bromley
1645,Sainsbury's,-0.05055800000000,51.41240200000000,Bromley
1646,Sainsbury's,-0.03030800000000,51.40644300000000,Bromley
1647,Sainsbury's,-0.04083400000000,51.40877800000000,Bromley
1648,Sainsbury's,0.01660599932075,51.40144348144530,Bromley
1649,Sainsbury's,0.10057100000000,51.37577000000000,Bromley
1650,Sainsbury's,-0.02767600000000,51.39074200000000,Bromley
1651,Sainsbury's,0.01119000000000,51.37728500000000,Bromley
1652,Sainsbury's,-0.01489900000000,51.37709100000000,Bromley
1653,Sainsbury's,0.06580000000000,51.41920400000000,Bromley
1654,Sainsbury's,0.01440300000000,51.40661800000000,Bromley
1655,Sainsbury's,0.05519000000000,51.36608000000000,Bromley
1657,Sainsbury's,0.07553800000000,51.38970600000000,Bromley
2913,Tesco,-0.10612800000000,51.52021850000000,Camden
2914,Tesco,-0.17887100000000,51.54205340000000,Camden
2915,Tesco,-0.17528100000000,51.54455150000000,Camden
2917,Tesco,-0.14945940000000,51.56211430000000,Camden
2918,Tesco,-0.17922060000000,51.55605120000000,Camden
2919,Tesco,-0.13325020000000,51.54537420000000,Camden
2920,Tesco,-0.19117600000000,51.54980500000000,Camden
2921,Tesco,-0.19677870000000,51.55563900000000,Camden
2922,Tesco,-0.19161320000000,51.53675600000000,Camden
2923,Tesco,-0.14107899367809,51.54756546020510,Camden
2924,Tesco,-0.16255330000000,51.54580970000000,Camden
2925,Tesco,-0.13773760000000,51.52378200000000,Camden
2926,Tesco,-0.14255300164223,51.53828430175780,Camden
1921,Morrisons,-0.14523899555206,51.54175186157230,Camden
2501,Sainsbury's,-0.10853200000000,51.51807900000000,Camden
2502,Sainsbury's,-0.13881600000000,51.52618000000000,Camden
2503,Sainsbury's,-0.14114060000000,51.55029250000000,Camden
2504,Sainsbury's,-0.12059900000000,51.51696900000000,Camden
2505,Sainsbury's,-0.18724499642849,51.54025650024410,Camden
2506,Sainsbury's,-0.13169899582863,51.54557418823240,Camden
2507,Sainsbury's,-0.13740270000000,51.52421740000000,Camden
2508,Sainsbury's,-0.12215000000000,51.51921600000000,Camden
2509,Sainsbury's,-0.19117600000000,51.54980500000000,Camden
2510,Sainsbury's,-0.13895350000000,51.55581540000000,Camden
2511,Sainsbury's,-0.10995099693537,51.52223968505860,Camden
2512,Sainsbury's,-0.15116490000000,51.54354450000000,Camden
2513,Sainsbury's,-0.19353790000000,51.53876400000000,Camden
2514,Sainsbury's,-0.12395000000000,51.52485500000000,Camden
2515,Sainsbury's,-0.14077470000000,51.54052070000000,Camden
2516,Sainsbury's,-0.11607400327921,51.51847076416020,Camden
2517,Sainsbury's,-0.10582099854946,51.51928710937500,Camden
2518,Sainsbury's,-0.13857580000000,51.53503620000000,Camden
2519,Sainsbury's,-0.13153600692749,51.51753234863280,Camden
2191,Tesco,-0.05303800106049,51.38888931274410,Croydon
2192,Tesco,-0.06755500286818,51.39434814453130,Croydon
2193,Tesco,-0.10044500231743,51.39849090576170,Croydon
2194,Tesco,-0.09950499981642,51.37919616699220,Croydon
2195,Tesco,-0.06241500005126,51.38161849975590,Croydon
2196,Tesco,-0.13923199474812,51.32085800170900,Croydon
2197,Tesco,-0.11045899987221,51.38572311401370,Croydon
2198,Tesco,-0.07649700343609,51.40015792846680,Croydon
2199,Tesco,-0.11625300347805,51.33806228637700,Croydon
2200,Tesco,-0.11609800159931,51.39715957641600,Croydon
2201,Tesco,-0.09740299731493,51.38587951660160,Croydon
2202,Tesco,-0.09898599982262,51.36951828002930,Croydon
2203,Tesco,-0.09793400019407,51.36162567138670,Croydon
2204,Tesco,-0.11809500306845,51.40137481689450,Croydon
2205,Tesco,-0.03294799849391,51.37673950195310,Croydon
2206,Tesco,-0.08257500082254,51.37925338745120,Croydon
2207,Tesco,-0.09857100248337,51.37365722656250,Croydon
2208,Tesco,-0.09408699721098,51.34840774536130,Croydon
1472,Morrisons,-0.11934199929237,51.36748504638670,Croydon
1881,Sainsbury's,-0.09112700074911,51.37507629394530,Croydon
1882,Sainsbury's,-0.12085299938917,51.39057540893550,Croydon
1883,Sainsbury's,-0.09581299871206,51.37397384643550,Croydon
1884,Sainsbury's,-0.10012599825859,51.37668609619140,Croydon
1885,Sainsbury's,-0.07163307274010,51.38077001468770,Croydon
1886,Sainsbury's,-0.08267010000000,51.41766080000000,Croydon
1887,Sainsbury's,-0.11955399811268,51.37702941894530,Croydon
1888,Sainsbury's,-0.11472199857235,51.33933258056640,Croydon
1889,Sainsbury's,-0.06940899789333,51.39606857299800,Croydon
1890,Sainsbury's,-0.10010299831629,51.37204742431640,Croydon
1891,Sainsbury's,-0.10363499820232,51.37872314453130,Croydon
1892,Sainsbury's,-0.06328400224447,51.34229660034180,Croydon
1475,Tesco,-0.09587900000000,51.51459300000000,City of London Corporation
1476,Tesco,-0.07885700000000,51.51477500000000,City of London Corporation
1477,Tesco,-0.07272600000000,51.51166100000000,City of London Corporation
1478,Tesco,-0.10271400000000,51.51797700000000,City of London Corporation
1479,Tesco,-0.09782000000000,51.52091000000000,City of London Corporation
1480,Tesco,-0.08623200000000,51.51470600000000,City of London Corporation
1481,Tesco,-0.10463300000000,51.51271100000000,City of London Corporation
1482,Tesco,-0.10424900000000,51.51674300000000,City of London Corporation
1483,Tesco,-0.08522300000000,51.51058800000000,City of London Corporation
1484,Tesco,-0.09171700000000,51.51347300000000,City of London Corporation
1485,Tesco,-0.08038800000000,51.51725400000000,City of London Corporation
1312,Sainsbury's,-0.10399000000000,51.51257400000000,City of London Corporation
1313,Sainsbury's,-0.10668400000000,51.51399400000000,City of London Corporation
1314,Sainsbury's,,,City of London Corporation
1315,Sainsbury's,-0.09420900000000,51.51210100000000,City of London Corporation
1316,Sainsbury's,-0.08772000000000,51.51255400000000,City of London Corporation
1317,Sainsbury's,-0.09863500000000,51.51451200000000,City of London Corporation
1318,Sainsbury's,-0.07930200000000,51.51223600000000,City of London Corporation
1319,Sainsbury's,-0.10829500000000,51.51753600000000,City of London Corporation
1320,Sainsbury's,-0.08440400000000,51.51361500000000,City of London Corporation
2499,Tesco,-0.31707300000000,51.50339800000000,Ealing
2500,Tesco,-0.31925401091576,51.51111984252930,Ealing
2501,Tesco,-0.30300700664520,51.51279830932620,Ealing
2502,Tesco,-0.34655100107193,51.54208755493160,Ealing
2503,Tesco,-0.24976900219917,51.50645828247070,Ealing
2504,Tesco,-0.30175670000000,51.51603710000000,Ealing
2505,Tesco,-0.38317540000000,51.50055150000000,Ealing
2506,Tesco,-0.38940950000000,51.53745190000000,Ealing
2507,Tesco,-0.37239798903465,51.53143310546880,Ealing
2508,Tesco,-0.28119060000000,51.50835490000000,Ealing
2509,Tesco,-0.35239600000000,51.52834900000000,Ealing
2510,Tesco,-0.31874300000000,51.53360900000000,Ealing
2511,Tesco,-0.26054500000000,51.52278000000000,Ealing
153,Asda,-0.27010400000000,51.52843300000000,Ealing
1676,Morrisons,-0.27291300892830,51.50792694091800,Ealing
1677,Morrisons,-0.30398500000000,51.51401900000000,Ealing
2136,Sainsbury's,-0.32559450000000,51.49681200000000,Ealing
2137,Sainsbury's,,,Ealing
2138,Sainsbury's,-0.26898600000000,51.51495500000000,Ealing
2139,Sainsbury's,-0.31507700681686,51.50049972534180,Ealing
2140,Sainsbury's,-0.30241780000000,51.51414930000000,Ealing
2141,Sainsbury's,-0.28754160000000,51.51000340000000,Ealing
2142,Sainsbury's,-0.26635150000000,51.50848110000000,Ealing
2143,Sainsbury's,-0.32507800000000,51.50946500000000,Ealing
2144,Sainsbury's,-0.30663800000000,51.50270800000000,Ealing
2145,Sainsbury's,,,Ealing
2146,Sainsbury's,,,Ealing
1799,Tesco,-0.04684500000000,51.60824400000000,Enfield
1800,Tesco,-0.03441900000000,51.68055100000000,Enfield
1801,Tesco,-0.12889900000000,51.63297000000000,Enfield
1802,Tesco,-0.04256200000000,51.66648900000000,Enfield
1803,Tesco,-0.01673200000000,51.66854600000000,Enfield
1804,Tesco,-0.09384800000000,51.63321600000000,Enfield
1805,Tesco,-0.12918600000000,51.64884600000000,Enfield
1806,Tesco,-0.07619700000000,51.65217100000000,Enfield
1807,Tesco,-0.09191600000000,51.65377700000000,Enfield
1808,Tesco,-0.06522700000000,51.61305300000000,Enfield
100,Asda,-0.05958300000000,51.62314900000000,Enfield
101,Asda,-0.13124500000000,51.63427500000000,Enfield
102,Asda,-0.04697900000000,51.64145600000000,Enfield
1546,Sainsbury's,-0.11060000000000,51.64632700000000,Enfield
1547,Sainsbury's,-0.06896000000000,51.64184600000000,Enfield
1548,Sainsbury's,-0.14757700000000,51.64731200000000,Enfield
1549,Sainsbury's,-0.05287000000000,51.65273100000000,Enfield
1550,Sainsbury's,-0.10676000000000,51.61948600000000,Enfield
1551,Sainsbury's,-0.13564600000000,51.61645100000000,Enfield
1552,Sainsbury's,-0.08064900000000,51.64568900000000,Enfield
1553,Sainsbury's,-0.09712600000000,51.63051700000000,Enfield
1554,Sainsbury's,-0.08090800000000,51.66383900000000,Enfield
1555,Sainsbury's,-0.05287000000000,51.65273100000000,Enfield
1717,Tesco,0.03992980000000,51.44579670000000,Greenwich
1718,Tesco,0.07108670000000,51.49251040000000,Greenwich
1719,Tesco,0.04941140000000,51.45939170000000,Greenwich
1720,Tesco,0.00331290000000,51.48458740000000,Greenwich
1721,Tesco,0.09128200262785,51.48714065551760,Greenwich
1722,Tesco,-0.01125890000000,51.48132160000000,Greenwich
1723,Tesco,0.05023870000000,51.45149190000000,Greenwich
1724,Tesco,0.02978170000000,51.45071400000000,Greenwich
1725,Tesco,0.09021810000000,51.49895120000000,Greenwich
1726,Tesco,0.00616010000000,51.50069660000000,Greenwich
1728,Tesco,-0.02202650000000,51.48063320000000,Greenwich
1177,Morrisons,0.10307499766350,51.50614166259770,Greenwich
1504,Sainsbury's,0.12076299637556,51.49233245849610,Greenwich
1505,Sainsbury's,0.07192320000000,51.49144530000000,Greenwich
1506,Sainsbury's,-0.02128730000000,51.48079200000000,Greenwich
1507,Sainsbury's,0.02878497269652,51.46625496571690,Greenwich
1508,Sainsbury's,0.05749530000000,51.44991600000000,Greenwich
1509,Sainsbury's,-0.01137780000000,51.47893710000000,Greenwich
1510,Sainsbury's,0.06467840000000,51.49110070000000,Greenwich
1511,Sainsbury's,0.00969180000000,51.48611990000000,Greenwich
1512,Sainsbury's,0.03244210000000,51.48664420000000,Greenwich
1513,Sainsbury's,0.02866390000000,51.46099520000000,Greenwich
1514,Sainsbury's,0.02610770000000,51.48886430000000,Greenwich
2118,Tesco,-0.05436300000000,51.55533100000000,Hackney
2119,Tesco,-0.07766400000000,51.52445700000000,Hackney
2120,Tesco,-0.07498700000000,51.54928600000000,Hackney
2121,Tesco,-0.04793600000000,51.54339000000000,Hackney
2122,Tesco,-0.07613800000000,51.54559200000000,Hackney
2123,Tesco,-0.05270300000000,51.54693200000000,Hackney
2124,Tesco,-0.07538000000000,51.52938400000000,Hackney
2125,Tesco,-0.05918500000000,51.56372900000000,Hackney
2126,Tesco,-0.07479800000000,51.55821300000000,Hackney
2127,Tesco,-0.08582700000000,51.53811600000000,Hackney
2128,Tesco,-0.08643100000000,51.52989700000000,Hackney
2129,Tesco,-0.07627200335264,51.53832626342770,Hackney
1446,Morrisons,-0.07363500000000,51.56626900000000,Hackney
1868,Sainsbury's,-0.08992599695921,51.57210159301760,Hackney
1869,Sainsbury's,-0.05279300000000,51.55089900000000,Hackney
1870,Sainsbury's,-0.05756999924779,51.53492736816410,Hackney
1871,Sainsbury's,-0.08433300000000,51.52663500000000,Hackney
1872,Sainsbury's,-0.07718500000000,51.52965600000000,Hackney
1873,Sainsbury's,-0.07375100000000,51.56011100000000,Hackney
1874,Sainsbury's,-0.08968200000000,51.52798900000000,Hackney
1875,Sainsbury's,-0.10307400000000,51.56408700000000,Hackney
1876,Sainsbury's,-0.07342600000000,51.57327100000000,Hackney
1877,Sainsbury's,-0.07416700000000,51.54787900000000,Hackney
1878,Sainsbury's,-0.05611000000000,51.54448800000000,Hackney
1606,Tesco,-0.22426700000000,51.49562700000000,Hammersmith and Fulham
1607,Tesco,-0.21260400000000,51.48108900000000,Hammersmith and Fulham
1608,Tesco,-0.24303500000000,51.50319400000000,Hammersmith and Fulham
1609,Tesco,,,Hammersmith and Fulham
1610,Tesco,-0.20525200000000,51.48861200000000,Hammersmith and Fulham
1611,Tesco,-0.20606600000000,51.48109700000000,Hammersmith and Fulham
1612,Tesco,,,Hammersmith and Fulham
1613,Tesco,-0.22761200000000,51.50557900000000,Hammersmith and Fulham
1614,Tesco,-0.24082100000000,51.49334100000000,Hammersmith and Fulham
1615,Tesco,-0.21481700000000,51.47568300000000,Hammersmith and Fulham
1616,Tesco,-0.22566100000000,51.50239300000000,Hammersmith and Fulham
1617,Tesco,-0.18904300000000,51.47819200000000,Hammersmith and Fulham
1618,Tesco,-0.21078600000000,51.49517100000000,Hammersmith and Fulham
1619,Tesco,-0.20683400000000,51.47472400000000,Hammersmith and Fulham
1620,Tesco,-0.22713500000000,51.51415900000000,Hammersmith and Fulham
1621,Tesco,-0.22037000000000,51.48470500000000,Hammersmith and Fulham
1622,Tesco,-0.22457100000000,51.49224200000000,Hammersmith and Fulham
1405,Sainsbury's,-0.22306400000000,51.50507800000000,Hammersmith and Fulham
1406,Sainsbury's,-0.21976500000000,51.48470500000000,Hammersmith and Fulham
1407,Sainsbury's,-0.22753400000000,51.49311400000000,Hammersmith and Fulham
1408,Sainsbury's,,,Hammersmith and Fulham
1409,Sainsbury's,-0.22237300000000,51.50059900000000,Hammersmith and Fulham
1410,Sainsbury's,-0.20162100000000,51.47783720000000,Hammersmith and Fulham
1411,Sainsbury's,-0.20813400000000,51.47315300000000,Hammersmith and Fulham
1412,Sainsbury's,-0.20714100000000,51.49259700000000,Hammersmith and Fulham
1413,Sainsbury's,,,Hammersmith and Fulham
1414,Sainsbury's,-0.19443600000000,51.48055900000000,Hammersmith and Fulham
1415,Sainsbury's,-0.19181700000000,51.47247000000000,Hammersmith and Fulham
1416,Sainsbury's,-0.24074600000000,51.50166700000000,Hammersmith and Fulham
1417,Sainsbury's,-0.24371700000000,51.49332100000000,Hammersmith and Fulham
1418,Sainsbury's,-0.22791000000000,51.50234600000000,Hammersmith and Fulham
1674,Tesco,,,Haringey
1675,Tesco,-0.07137100000000,51.58566500000000,Haringey
1676,Tesco,-0.12267000000000,51.60535300000000,Haringey
1677,Tesco,-0.12413500000000,51.57893100000000,Haringey
1678,Tesco,-0.14654470000000,51.57063820000000,Haringey
1679,Tesco,-0.11948400000000,51.58738100000000,Haringey
1680,Tesco,-0.10222800000000,51.59930600000000,Haringey
1681,Tesco,-0.10080400000000,51.58740400000000,Haringey
1682,Tesco,-0.11152100000000,51.60675800000000,Haringey
1683,Tesco,-0.05720499995873,51.58788500006640,Haringey
1501,Sainsbury's,-0.06509400159121,51.60601806640630,Haringey
1502,Sainsbury's,-0.14170800000000,51.57447100000000,Haringey
1503,Sainsbury's,-0.07369900000000,51.58387800000000,Haringey
1504,Sainsbury's,-0.10436300000000,51.59173300000000,Haringey
1505,Sainsbury's,-0.06823600000000,51.60071200000000,Haringey
1506,Sainsbury's,-0.09542400000000,51.57729900000000,Haringey
1507,Sainsbury's,-0.11682320000000,51.58798800000000,Haringey
1319,Tesco,-0.36687300000000,51.56495300000000,Harrow
1320,Tesco,-0.35380100000000,51.57173000000000,Harrow
1321,Tesco,-0.33337200000000,51.58188200000000,Harrow
1322,Tesco,-0.37250300000000,51.60810300000000,Harrow
1323,Tesco,-0.37070200000000,51.57166900000000,Harrow
1324,Tesco,-0.31705000000000,51.60098200000000,Harrow
1325,Tesco,-0.36333100000000,51.58845400000000,Harrow
1326,Tesco,-0.38053370000000,51.58517830000000,Harrow
1327,Tesco,-0.39542299509049,51.59700012207030,Harrow
1328,Tesco,-0.33646500000000,51.57979400000000,Harrow
1329,Tesco,-0.27861700000000,51.59817700000000,Harrow
1330,Tesco,-0.33262600000000,51.58647500000000,Harrow
1331,Tesco,-0.29428700000000,51.59651700000000,Harrow
55,Asda,-0.33577000000000,51.59487300000000,Harrow
56,Asda,-0.36086210000000,51.55782880000000,Harrow
836,Morrisons,-0.36490800000000,51.60804200000000,Harrow
837,Morrisons,,,Harrow
1106,Sainsbury's,-0.38097000000000,51.59375200000000,Harrow
1107,Sainsbury's,-0.31112400000000,51.61748700000000,Harrow
1108,Sainsbury's,-0.35654000000000,51.56263200000000,Harrow
1109,Sainsbury's,-0.37147600000000,51.57665300000000,Harrow
1583,Tesco,0.19059200000000,51.52814400000000,Havering
1584,Tesco,0.19197600000000,51.56564600000000,Havering
1585,Tesco,0.16378900000000,51.59830900000000,Havering
1586,Tesco,0.18230800000000,51.57587100000000,Havering
1587,Tesco,0.21850800000000,51.57209800000000,Havering
1588,Tesco,0.20824700000000,51.54379400000000,Havering
1592,Tesco,0.16411900000000,51.58247600000000,Havering
1593,Tesco,0.18702800000000,51.58219500000000,Havering
1594,Tesco,,,Havering
1595,Tesco,0.26671700000000,51.56180600000000,Havering
1596,Tesco,0.22095900000000,51.58328400000000,Havering
1597,Tesco,0.20761400000000,51.55061400000000,Havering
1598,Tesco,0.17566200000000,51.57815300000000,Havering
74,Asda,0.18509800000000,51.57929000000000,Havering
1401,Sainsbury's,0.21958200000000,51.56272600000000,Havering
1402,Sainsbury's,0.17354800000000,51.58435200000000,Havering
1403,Sainsbury's,0.21879800000000,51.55196600000000,Havering
1404,Sainsbury's,0.21853200000000,51.60636100000000,Havering
1405,Sainsbury's,0.19786300000000,51.55097600000000,Havering
1406,Sainsbury's,0.18071000000000,51.57596400000000,Havering
1733,Tesco,-0.38120200000000,51.56081700000000,Hillingdon
1734,Tesco,-0.42451600000000,51.57402300000000,Hillingdon
1735,Tesco,-0.43960700000000,51.56907100000000,Hillingdon
1736,Tesco,-0.41389200000000,51.52017800000000,Hillingdon
1737,Tesco,-0.48119500000000,51.52264200000000,Hillingdon
1738,Tesco,-0.48161000000000,51.54743000000000,Hillingdon
1739,Tesco,-0.39898900000000,51.57852400000000,Hillingdon
1740,Tesco,-0.45853599905968,51.52604293823240,Hillingdon
1741,Tesco,-0.41303700000000,51.57422800000000,Hillingdon
1742,Tesco,-0.42137000000000,51.50068500000000,Hillingdon
1743,Tesco,-0.46637100000000,51.50305300000000,Hillingdon
1744,Tesco,-0.40955800000000,51.59905300000000,Hillingdon
1745,Tesco,-0.38508600000000,51.52486500000000,Hillingdon
1746,Tesco,-0.47733700000000,51.51556900000000,Hillingdon
1747,Tesco,,,Hillingdon
1748,Tesco,-0.42493200000000,51.61125500000000,Hillingdon
74,Asda,,,Hillingdon
1186,Morrisons,-0.47313200000000,51.51201700000000,Hillingdon
1524,Sainsbury's,-0.42628300000000,51.57552100000000,Hillingdon
1525,Sainsbury's,-0.48705200000000,51.48550000000000,Hillingdon
1526,Sainsbury's,-0.39822770000000,51.57664460000000,Hillingdon
1527,Sainsbury's,-0.39625100000000,51.55708500000000,Hillingdon
1528,Sainsbury's,-0.47484800000000,51.54865500000000,Hillingdon
1529,Sainsbury's,-0.41221401095390,51.51167678833010,Hillingdon
1530,Sainsbury's,-0.45975600000000,51.50567300000000,Hillingdon
1497,Tesco,-0.32754520000000,51.47716160000000,Hounslow
1498,Tesco,-0.25851770000000,51.49269810000000,Hounslow
1499,Tesco,-0.37254150000000,51.45731890000000,Hounslow
1500,Tesco,-0.38097210000000,51.49185690000000,Hounslow
1501,Tesco,-0.39005680000000,51.43069210000000,Hounslow
1502,Tesco,-0.41327830000000,51.48005230000000,Hounslow
1503,Tesco,-0.34397560000000,51.47495850000000,Hounslow
1504,Tesco,-0.36702250000000,51.46746670000000,Hounslow
1505,Tesco,-0.40456830000000,51.45814740000000,Hounslow
1506,Tesco,-0.38826150000000,51.44087900000000,Hounslow
1507,Tesco,-0.42878299951553,51.45338439941410,Hounslow
89,Asda,-0.41098898649216,51.44660186767580,Hounslow
90,Asda,-0.36166301369667,51.47085571289060,Hounslow
91,Asda,-0.33201240000000,51.45962480000000,Hounslow
1035,Morrisons,-0.30633300542831,51.48374938964840,Hounslow
1308,Sainsbury's,-0.26516980000000,51.49354210000000,Hounslow
1309,Sainsbury's,-0.25225220000000,51.49301230000000,Hounslow
1310,Sainsbury's,-0.33846598863602,51.47498321533200,Hounslow
1311,Sainsbury's,-0.37850800000000,51.46545640000000,Hounslow
1312,Sainsbury's,-0.37332870000000,51.48037290000000,Hounslow
1313,Sainsbury's,-0.30250680000000,51.49058650000000,Hounslow
1314,Sainsbury's,-0.28182870000000,51.50211980000000,Hounslow
1315,Sainsbury's,-0.28832200000000,51.48804340000000,Hounslow
1903,Tesco,-0.10237100000000,51.53591100000000,Islington
1904,Tesco,-0.12117900000000,51.53194200000000,Islington
1905,Tesco,-0.09141730000000,51.54314500000000,Islington
1906,Tesco,-0.09680600000000,51.52622600000000,Islington
1907,Tesco,-0.08712400000000,51.55255100000000,Islington
1908,Tesco,-0.10242400000000,51.52388000000000,Islington
1909,Tesco,-0.11390860000000,51.55202520000000,Islington
1910,Tesco,-0.09412540000000,51.53977200000000,Islington
1911,Tesco,-0.08967500000000,51.52094000000000,Islington
1912,Tesco,-0.11427700000000,51.56044600000000,Islington
1913,Tesco,,,Islington
1914,Tesco,-0.08681900000000,51.52270000000000,Islington
1915,Tesco,,,Islington
1916,Tesco,,,Islington
1917,Tesco,-0.11275100000000,51.53178000000000,Islington
1918,Tesco,-0.10499100000000,51.56413600000000,Islington
1919,Tesco,-0.11782800000000,51.54884800000000,Islington
1920,Tesco,-0.11179100000000,51.56892200000000,Islington
1921,Tesco,-0.10486200000000,51.54677000000000,Islington
1302,Morrisons,-0.11673400000000,51.55720300000000,Islington
1648,Sainsbury's,-0.11432600000000,51.57006800000000,Islington
1649,Sainsbury's,,,Islington
1650,Sainsbury's,-0.10817500000000,51.52739000000000,Islington
1651,Sainsbury's,-0.10118880000000,51.54607350000000,Islington
1652,Sainsbury's,-0.08738100000000,51.52476000000000,Islington
1653,Sainsbury's,-0.09008900000000,51.54409300000000,Islington
1654,Sainsbury's,,,Islington
1655,Sainsbury's,-0.13131199777126,51.56415557861330,Islington
1656,Sainsbury's,-0.11399800000000,51.55358900000000,Islington
1657,Sainsbury's,-0.12015800178051,51.53118896484380,Islington
1658,Sainsbury's,-0.10716100037098,51.53377532958980,Islington
1659,Sainsbury's,-0.10230400000000,51.52192700000000,Islington
1660,Sainsbury's,-0.12359300000000,51.56019100000000,Islington
1510,Tesco,-0.20160600000000,51.49305200000000,Kensington and Chelsea
1511,Tesco,-0.19852700000000,51.50903800000000,Kensington and Chelsea
1512,Tesco,-0.21100800000000,51.51857200000000,Kensington and Chelsea
1513,Tesco,-0.20584300000000,51.51723500000000,Kensington and Chelsea
1514,Tesco,-0.18308200000000,51.48505100000000,Kensington and Chelsea
1515,Tesco,-0.18588700000000,51.48259400000000,Kensington and Chelsea
1516,Tesco,-0.17648900000000,51.49323900000000,Kensington and Chelsea
1517,Tesco,-0.16151700000000,51.48584800000000,Kensington and Chelsea
1518,Tesco,-0.20657000000000,51.50715600000000,Kensington and Chelsea
1519,Tesco,-0.18212500000000,51.49424400000000,Kensington and Chelsea
1520,Tesco,-0.22569100000000,51.51976600000000,Kensington and Chelsea
1521,Tesco,-0.19348800000000,51.48850200000000,Kensington and Chelsea
1314,Sainsbury's,-0.18792000000000,51.49561100000000,Kensington and Chelsea
1315,Sainsbury's,,,Kensington and Chelsea
1316,Sainsbury's,-0.20522400000000,51.51647000000000,Kensington and Chelsea
1317,Sainsbury's,-0.21782500000000,51.52631000000000,Kensington and Chelsea
1318,Sainsbury's,-0.20511400000000,51.49726900000000,Kensington and Chelsea
1319,Sainsbury's,-0.19345900000000,51.50417600000000,Kensington and Chelsea
1320,Sainsbury's,-0.16634500000000,51.49224500000000,Kensington and Chelsea
1321,Sainsbury's,-0.19515700000000,51.49365400000000,Kensington and Chelsea
1322,Sainsbury's,-0.18507200000000,51.48387600000000,Kensington and Chelsea
1323,Sainsbury's,-0.17843800000000,51.48737100000000,Kensington and Chelsea
1215,Tesco,-0.28950500488281,51.36930847167970,Kingston-Upon-Thames
1216,Tesco,-0.27416100000000,51.40884000000000,Kingston-Upon-Thames
1217,Tesco,-0.30639300000000,51.36694600000000,Kingston-Upon-Thames
1218,Tesco,-0.30048000000000,51.41296500000000,Kingston-Upon-Thames
1219,Tesco,-0.28945600000000,51.36926300000000,Kingston-Upon-Thames
1220,Tesco,-0.25745901465416,51.40338516235350,Kingston-Upon-Thames
1221,Tesco,-0.30296200000000,51.37659100000000,Kingston-Upon-Thames
1222,Tesco,-0.28335800000000,51.38173700000000,Kingston-Upon-Thames
1223,Tesco,-0.25226600000000,51.38536000000000,Kingston-Upon-Thames
1019,Sainsbury's,-0.30326000000000,51.40970500000000,Kingston-Upon-Thames
1020,Sainsbury's,-0.29853400000000,51.36426100000000,Kingston-Upon-Thames
1021,Sainsbury's,-0.30726300000000,51.36711200000000,Kingston-Upon-Thames
1022,Sainsbury's,-0.30841900000000,51.39110300000000,Kingston-Upon-Thames
1023,Sainsbury's,-0.30420601367950,51.40243530273440,Kingston-Upon-Thames
1024,Sainsbury's,-0.29728800000000,51.38856700000000,Kingston-Upon-Thames
1025,Sainsbury's,,,Kingston-Upon-Thames
1026,Sainsbury's,-0.28335000000000,51.41267100000000,Kingston-Upon-Thames
1027,Sainsbury's,-0.30303600000000,51.41579000000000,Kingston-Upon-Thames
1028,Sainsbury's,-0.30439600000000,51.39260900000000,Kingston-Upon-Thames
2117,Tesco,-0.09104500000000,51.43641300000000,Lambeth
2118,Tesco,,,Lambeth
2119,Tesco,-0.11007600000000,51.50272700000000,Lambeth
2120,Tesco,-0.09776900000000,51.46191700000000,Lambeth
2121,Tesco,-0.11977900000000,51.45986300000000,Lambeth
2122,Tesco,-0.11777000000000,51.47614300000000,Lambeth
2123,Tesco,-0.12201300000000,51.45206600000000,Lambeth
2124,Tesco,-0.13129800000000,51.47600000000000,Lambeth
2125,Tesco,-0.11161600000000,51.48986600000000,Lambeth
2126,Tesco,-0.10541200000000,51.46404700000000,Lambeth
2127,Tesco,-0.12786599993706,51.44692611694340,Lambeth
2128,Tesco,-0.11297700000000,51.46840500000000,Lambeth
2129,Tesco,-0.10546300000000,51.48922700000000,Lambeth
2130,Tesco,-0.13125500000000,51.42559600000000,Lambeth
2131,Tesco,-0.10614200000000,51.42274700000000,Lambeth
2132,Tesco,-0.12823300000000,51.43654500000000,Lambeth
2133,Tesco,-0.10355800000000,51.43478200000000,Lambeth
2134,Tesco,,,Lambeth
2135,Tesco,-0.11260100000000,51.44786800000000,Lambeth
2136,Tesco,-0.15016100000000,51.46605700000000,Lambeth
2137,Tesco,-0.11305200000000,51.47671400000000,Lambeth
2138,Tesco,-0.14653000235558,51.45298767089840,Lambeth
2139,Tesco,-0.11354500000000,51.48675000000000,Lambeth
1812,Sainsbury's,-0.11305399984121,51.49899673461910,Lambeth
1813,Sainsbury's,-0.11007600000000,51.50272700000000,Lambeth
1814,Sainsbury's,-0.10138000000000,51.45328900000000,Lambeth
1815,Sainsbury's,-0.12949400000000,51.43278000000000,Lambeth
1816,Sainsbury's,-0.13330600000000,51.44939600000000,Lambeth
1817,Sainsbury's,-0.11349600000000,51.45373700000000,Lambeth
1818,Sainsbury's,-0.14719900000000,51.45245800000000,Lambeth
1819,Sainsbury's,-0.12459100000000,51.44675700000000,Lambeth
1820,Sainsbury's,-0.12279200000000,51.47272500000000,Lambeth
1821,Sainsbury's,-0.12460100000000,51.47110000000000,Lambeth
1822,Sainsbury's,-0.13139700000000,51.46404100000000,Lambeth
1823,Sainsbury's,-0.13987500000000,51.45417600000000,Lambeth
1824,Sainsbury's,,,Lambeth
1825,Sainsbury's,-0.11396000000000,51.46447300000000,Lambeth
1826,Sainsbury's,-0.12821900000000,51.46676900000000,Lambeth
1827,Sainsbury's,-0.11456400000000,51.46274700000000,Lambeth
1828,Sainsbury's,-0.12929300000000,51.41973700000000,Lambeth
1829,Sainsbury's,-0.10794400000000,51.50270200000000,Lambeth
1830,Sainsbury's,-0.15004300000000,51.46648600000000,Lambeth
1831,Sainsbury's,-0.12366200000000,51.48556300000000,Lambeth
1832,Sainsbury's,-0.11957800000000,51.45564200000000,Lambeth
1833,Sainsbury's,-0.13590100000000,51.46235100000000,Lambeth
1834,Sainsbury's,-0.12517500000000,51.44058800000000,Lambeth
1835,Sainsbury's,-0.12824800000000,51.48155400000000,Lambeth
2076,Tesco,-0.01622030000000,51.45031390000000,Lewisham
2077,Tesco,-0.02047700000000,51.44627700000000,Lewisham
2078,Tesco,-0.05985500000000,51.43158500000000,Lewisham
2079,Tesco,-0.02899300000000,51.47075400000000,Lewisham
2080,Tesco,-0.00376900000000,51.42352100000000,Lewisham
2082,Tesco,-0.03398800000000,51.43594700000000,Lewisham
2083,Tesco,-0.02570500000000,51.47554600000000,Lewisham
2084,Tesco,-0.05174190000000,51.42593650000000,Lewisham
2085,Tesco,-0.01140600000000,51.46592500000000,Lewisham
139,Asda,,,Lewisham
1842,Sainsbury's,-0.05547390000000,51.42714060000000,Lewisham
1843,Sainsbury's,0.01129400000000,51.45633000000000,Lewisham
1844,Sainsbury's,-0.03909800000000,51.46378400000000,Lewisham
1845,Sainsbury's,-0.05554900000000,51.43982300000000,Lewisham
1846,Sainsbury's,-0.03524900000000,51.47528400000000,Lewisham
1847,Sainsbury's,-0.01639900000000,51.46433700000000,Lewisham
1848,Sainsbury's,-0.01176100000000,51.46174100000000,Lewisham
1849,Sainsbury's,-0.04240900000000,51.47553800000000,Lewisham
1850,Sainsbury's,-0.05521799996495,51.42696762084960,Lewisham
1851,Sainsbury's,0.02100900000000,51.43282600000000,Lewisham
1852,Sainsbury's,-0.03650800000000,51.46407300000000,Lewisham
1853,Sainsbury's,-0.03394700000000,51.42986700000000,Lewisham
1165,Tesco,,,Merton
1166,Tesco,-0.17840400338173,51.41844177246090,Merton
1167,Tesco,-0.15340600000000,51.41562300000000,Merton
1168,Tesco,-0.19223800000000,51.41627300000000,Merton
1169,Tesco,-0.19277100000000,51.41554400000000,Merton
1170,Tesco,-0.21198100000000,51.41009300000000,Merton
1171,Tesco,-0.16229300000000,51.41885600000000,Merton
1172,Tesco,-0.20504899322987,51.42080307006840,Merton
1173,Tesco,-0.23955200000000,51.40206600000000,Merton
56,Asda,-0.16618800000000,51.40850400000000,Merton
795,Morrisons,-0.16345400000000,51.40640100000000,Merton
796,Morrisons,,,Merton
797,Morrisons,-0.20366800000000,51.41965000000000,Merton
1002,Sainsbury's,-0.18163600000000,51.41528200000000,Merton
1003,Sainsbury's,-0.18730600000000,51.42025300000000,Merton
1004,Sainsbury's,-0.19997630000000,51.41934100000000,Merton
1005,Sainsbury's,-0.19313000000000,51.39546000000000,Merton
1006,Sainsbury's,-0.20975500000000,51.40264800000000,Merton
1007,Sainsbury's,-0.22951700000000,51.41063800000000,Merton
1008,Sainsbury's,-0.19741300000000,51.43973400000000,Merton
1009,Sainsbury's,-0.19363900000000,51.41577400000000,Merton
1010,Sainsbury's,-0.20971100000000,51.42072300000000,Merton
1011,Sainsbury's,-0.19299138381165,51.40297098501540,Merton
2040,Tesco,0.07568200000000,51.51759000000000,Newham
2041,Tesco,0.05242000000000,51.53494200000000,Newham
2042,Tesco,0.01148600038141,51.54315185546880,Newham
2043,Tesco,0.05656000000000,51.52696500000000,Newham
2044,Tesco,0.02514000000000,51.54859900000000,Newham
2045,Tesco,0.03912600000000,51.54042600000000,Newham
2046,Tesco,0.03452900000000,51.53663800000000,Newham
2047,Tesco,0.03985390000000,51.53034150000000,Newham
2048,Tesco,0.03100200000000,51.52736500000000,Newham
2049,Tesco,0.03990300000000,51.54812800000000,Newham
2050,Tesco,0.05492900000000,51.55350400000000,Newham
2051,Tesco,0.00537810000000,51.54797780000000,Newham
2052,Tesco,0.01939600000000,51.50845600000000,Newham
122,Asda,0.05774600000000,51.51490300000000,Newham
1316,Morrisons,,,Newham
1319,Morrisons,0.00471600005403,51.54466247558590,Newham
1739,Sainsbury's,0.06586300000000,51.52132500000000,Newham
1740,Sainsbury's,0.01449900000000,51.54445700000000,Newham
1741,Sainsbury's,0.05262900000000,51.53445200000000,Newham
1742,Sainsbury's,-0.00808400000000,51.54778300000000,Newham
1743,Sainsbury's,-0.00539400009438,51.51899719238280,Newham
1744,Sainsbury's,0.07031000000000,51.52307200000000,Newham
1745,Sainsbury's,-0.00044100000000,51.54183500000000,Newham
1579,Tesco,0.06858200000000,51.57716700000000,Redbridge
1580,Tesco,0.10550600000000,51.60849700000000,Redbridge
1581,Tesco,0.06960400000000,51.56122200000000,Redbridge
1582,Tesco,0.09166700000000,51.55941000000000,Redbridge
1583,Tesco,0.07762700000000,51.58403900000000,Redbridge
1584,Tesco,0.01982900000000,51.59997600000000,Redbridge
1381,Sainsbury's,0.06580700000000,51.57582200000000,Redbridge
1382,Sainsbury's,0.03401900000000,51.60795000000000,Redbridge
1383,Sainsbury's,0.02456700000000,51.59384200000000,Redbridge
1384,Sainsbury's,0.06796300000000,51.55653000000000,Redbridge
1385,Sainsbury's,0.07499100267887,51.55913925170900,Redbridge
1386,Sainsbury's,0.08253600000000,51.58817900000000,Redbridge
1387,Sainsbury's,0.08714099973440,51.58123397827150,Redbridge
1220,Tesco,-1.53831990000000,53.99550300000000,Richmond-Upon-Thames
1221,Tesco,-0.32076140000000,51.43660110000000,Richmond-Upon-Thames
1222,Tesco,-0.29848760000000,51.46566730000000,Richmond-Upon-Thames
1223,Tesco,-0.26795632626380,51.46442638490490,Richmond-Upon-Thames
1224,Tesco,-0.33801030000000,51.44538070000000,Richmond-Upon-Thames
1225,Tesco,-0.26628040000000,51.46759670000000,Richmond-Upon-Thames
1226,Tesco,-0.30415540000000,51.46074050000000,Richmond-Upon-Thames
1227,Tesco,-0.35517110000000,51.42834870000000,Richmond-Upon-Thames
1228,Tesco,-0.35797703195762,51.45098375135740,Richmond-Upon-Thames
1230,Tesco,-0.33895770922174,51.42604184320200,Richmond-Upon-Thames
1040,Sainsbury's,-0.34115760000000,51.44466740000000,Richmond-Upon-Thames
1041,Sainsbury's,-0.52427870000000,53.10923770000000,Richmond-Upon-Thames
1042,Sainsbury's,-0.29697090963529,51.45519703159720,Richmond-Upon-Thames
1043,Sainsbury's,-0.28822538095901,51.46744497630680,Richmond-Upon-Thames
1044,Sainsbury's,-0.30736040000000,51.43130960000000,Richmond-Upon-Thames
1045,Sainsbury's,-0.37754820000000,51.42648460000000,Richmond-Upon-Thames
1046,Sainsbury's,-0.37521370000000,51.43419660000000,Richmond-Upon-Thames
1047,Sainsbury's,-1.44615689948916,52.25647114351100,Richmond-Upon-Thames
1048,Sainsbury's,-0.30332101942967,51.46149673553520,Richmond-Upon-Thames
1049,Sainsbury's,-0.36009430000000,51.41480230000000,Richmond-Upon-Thames
1050,Sainsbury's,-0.32571090000000,51.42755370000000,Richmond-Upon-Thames
1051,Sainsbury's,-0.35788744421294,51.45148483441400,Richmond-Upon-Thames
2563,Tesco,-0.10433699935675,51.50053024291990,Southwark
2564,Tesco,-0.10500000000000,51.50352700000000,Southwark
2565,Tesco,-0.09182400000000,51.49435700000000,Southwark
2566,Tesco,-0.09532000000000,51.47473700000000,Southwark
2567,Tesco,,,Southwark
2568,Tesco,-0.10042200000000,51.49926200000000,Southwark
2569,Tesco,-0.08087800000000,51.50491500000000,Southwark
2570,Tesco,-0.08388199657202,51.49560546875000,Southwark
2571,Tesco,-0.09420500000000,51.48526800000000,Southwark
2572,Tesco,-0.06770700000000,51.49234300000000,Southwark
2573,Tesco,-0.05709100000000,51.47367900000000,Southwark
2574,Tesco,-0.08256600000000,51.47810000000000,Southwark
2575,Tesco,-0.09636600000000,51.48872000000000,Southwark
2576,Tesco,-0.07612700000000,51.48874900000000,Southwark
2577,Tesco,-0.06861800000000,51.46189000000000,Southwark
2578,Tesco,-0.04697600000000,51.49540800000000,Southwark
2579,Tesco,-0.04697600000000,51.49540800000000,Southwark
2580,Tesco,-0.09010300000000,51.50071300000000,Southwark
2581,Tesco,-0.09121380000000,51.50344610000000,Southwark
2582,Tesco,-0.06567000000000,51.46659900000000,Southwark
2583,Tesco,-0.10107460000000,51.50510560000000,Southwark
125,Asda,-0.06994700000000,51.48464600000000,Southwark
126,Asda,-0.06751800000000,51.46785300000000,Southwark
1734,Morrisons,-0.09542300000000,51.48681600000000,Southwark
1735,Morrisons,-0.09245200000000,51.47343200000000,Southwark
1736,Morrisons,-0.06869300000000,51.47274600000000,Southwark
1737,Morrisons,-0.06869300000000,51.47274600000000,Southwark
2233,Sainsbury's,-0.07415080000000,51.49575890000000,Southwark
2234,Sainsbury's,-0.09003040000000,51.49740360000000,Southwark
2235,Sainsbury's,-0.06235800000000,51.49822600000000,Southwark
2236,Sainsbury's,-0.08447800000000,51.49876900000000,Southwark
2237,Sainsbury's,-0.10433700000000,51.50178100000000,Southwark
2238,Sainsbury's,-0.10171500000000,51.50524500000000,Southwark
2239,Sainsbury's,-0.04966520000000,51.49831270000000,Southwark
2240,Sainsbury's,-0.07483700000000,51.44994300000000,Southwark
2241,Sainsbury's,-0.09659360000000,51.49433840000000,Southwark
2242,Sainsbury's,-0.07968800000000,51.47424800000000,Southwark
2243,Sainsbury's,-0.08900200000000,51.50465200000000,Southwark
2247,Sainsbury's,-0.08518900000000,51.46188400000000,Southwark
943,Tesco,-0.19149600000000,51.35852000000000,Sutton
944,Tesco,-0.14995500445366,51.35860061645510,Sutton
945,Tesco,-0.19386099278927,51.37477874755860,Sutton
946,Tesco,-0.21776400000000,51.36082000000000,Sutton
947,Tesco,-0.22195200000000,51.37618000000000,Sutton
33,Asda,-0.21202400000000,51.38501300000000,Sutton
34,Asda,-0.19525200000000,51.36785900000000,Sutton
35,Asda,-0.12802600000000,51.37576100000000,Sutton
657,Morrisons,-0.19345200000000,51.36067300000000,Sutton
802,Sainsbury's,-0.16248100000000,51.35495700000000,Sutton
803,Sainsbury's,-0.15571300000000,51.37900500000000,Sutton
804,Sainsbury's,-0.21573400000000,51.35796500000000,Sutton
805,Sainsbury's,-0.19525100000000,51.36785800000000,Sutton
806,Sainsbury's,-0.16077080000000,51.36518080000000,Sutton
807,Sainsbury's,-0.22415740000000,51.37208470000000,Sutton
808,Sainsbury's,,,Sutton
809,Sainsbury's,-0.23909099400043,51.37707519531250,Sutton
2310,Tesco,-0.07286000000000,51.51564600000000,Tower Hamlets
2311,Tesco,,,Tower Hamlets
2312,Tesco,-0.00975500000000,51.49825300000000,Tower Hamlets
2313,Tesco,-0.02167200000000,51.50519000000000,Tower Hamlets
2314,Tesco,-0.02511900000000,51.50211000000000,Tower Hamlets
2315,Tesco,-0.06440500000000,51.51689200000000,Tower Hamlets
2316,Tesco,-0.06522000000000,51.52657300000000,Tower Hamlets
2317,Tesco,-0.05058800000000,51.52116000000000,Tower Hamlets
2318,Tesco,-0.05894600000000,51.53206300000000,Tower Hamlets
2319,Tesco,-0.07272600000000,51.51166100000000,Tower Hamlets
2320,Tesco,-0.05842400000000,51.51483300000000,Tower Hamlets
2321,Tesco,-0.03815800000000,51.51286800000000,Tower Hamlets
2322,Tesco,-0.01823100000000,51.49780300000000,Tower Hamlets
2323,Tesco,-0.07443300000000,51.52074400000000,Tower Hamlets
2324,Tesco,-0.06839300000000,51.51700300000000,Tower Hamlets
2325,Tesco,-0.01815900000000,51.51840400000000,Tower Hamlets
2326,Tesco,-0.01656200000000,51.50074300000000,Tower Hamlets
2327,Tesco,-0.05973000000000,51.52717500000000,Tower Hamlets
2328,Tesco,-0.01053900000000,51.52720400000000,Tower Hamlets
2329,Tesco,-0.01058000000000,51.52726800000000,Tower Hamlets
2330,Tesco,-0.01058000000000,51.52726800000000,Tower Hamlets
2331,Tesco,-0.03071700000000,51.53235600000000,Tower Hamlets
2332,Tesco,-0.01046500000000,51.50806700000000,Tower Hamlets
2333,Tesco,-0.02655800000000,51.52717000000000,Tower Hamlets
2334,Tesco,-0.02822800000000,51.51454500000000,Tower Hamlets
2335,Tesco,-0.01522500000000,51.49604400000000,Tower Hamlets
128,Asda,-0.01363100000000,51.49426300000000,Tower Hamlets
129,Asda,-0.05058700000000,51.52115900000000,Tower Hamlets
2010,Sainsbury's,-0.05509300000000,51.51452600000000,Tower Hamlets
2011,Sainsbury's,-0.04679800000000,51.52214000000000,Tower Hamlets
2012,Sainsbury's,-0.06865200000000,51.53097200000000,Tower Hamlets
2013,Sainsbury's,-0.07377700000000,51.51372800000000,Tower Hamlets
2014,Sainsbury's,-0.03907300000000,51.52309900000000,Tower Hamlets
2015,Sainsbury's,-0.04256500000000,51.51292300000000,Tower Hamlets
2016,Sainsbury's,-0.07545000000000,51.51711900000000,Tower Hamlets
2017,Sainsbury's,-0.06662099808455,51.50851058959960,Tower Hamlets
2018,Sainsbury's,-0.05583900000000,51.52647200000000,Tower Hamlets
2019,Sainsbury's,,,Tower Hamlets
2020,Sainsbury's,,,Tower Hamlets
2021,Sainsbury's,-0.05877200000000,51.52122400000000,Tower Hamlets
2022,Sainsbury's,-0.07066800000000,51.51429700000000,Tower Hamlets
1450,Tesco,-0.03275300000000,51.58076200000000,Waltham Forest
1451,Tesco,-0.02200499922037,51.57167816162110,Waltham Forest
1452,Tesco,0.00490700000000,51.63195700000000,Waltham Forest
1453,Tesco,0.00802200000000,51.56078200000000,Waltham Forest
1454,Tesco,-0.01780800000000,51.61572500000000,Waltham Forest
1455,Tesco,-0.01606400000000,51.59011200000000,Waltham Forest
1456,Tesco,-0.03792700000000,51.58730500000000,Waltham Forest
1457,Tesco,-0.01020400000000,51.56101100000000,Waltham Forest
1458,Tesco,-0.00560400000000,51.57943100000000,Waltham Forest
1459,Tesco,-0.01952000000000,51.58336300000000,Waltham Forest
1460,Tesco,-0.00768800000000,51.61129100000000,Waltham Forest
1461,Tesco,-0.00485500000000,51.59059600000000,Waltham Forest
1462,Tesco,0.01216000000000,51.57018900000000,Waltham Forest
1463,Tesco,-0.01122500000000,51.57432000000000,Waltham Forest
1464,Tesco,-0.01718000000000,51.57742400000000,Waltham Forest
84,Asda,-0.00850200000000,51.55539800000000,Waltham Forest
1261,Sainsbury's,-0.02105600000000,51.60413400000000,Waltham Forest
1262,Sainsbury's,-0.00807600000000,51.56941000000000,Waltham Forest
1263,Sainsbury's,-0.00822900000000,51.55932300000000,Waltham Forest
1264,Sainsbury's,-0.02806400000000,51.58272400000000,Waltham Forest
1265,Sainsbury's,0.00910100000000,51.56824500000000,Waltham Forest
1266,Sainsbury's,-0.01870000000000,51.61679200000000,Waltham Forest
1996,Tesco,-0.18829400000000,51.44254200000000,Wandsworth
1997,Tesco,-0.23764300000000,51.46441900000000,Wandsworth
1998,Tesco,-0.19471700000000,51.45702100000000,Wandsworth
1999,Tesco,-0.20566900000000,51.44459100000000,Wandsworth
2000,Tesco,-0.18593700000000,51.43413400000000,Wandsworth
2001,Tesco,-0.16348900000000,51.46077200000000,Wandsworth
2002,Tesco,-0.15294100000000,51.47458900000000,Wandsworth
2003,Tesco,-0.18988100000000,51.44826900000000,Wandsworth
2004,Tesco,-0.16392000000000,51.42527500000000,Wandsworth
2005,Tesco,-0.16367000000000,51.43331100000000,Wandsworth
2006,Tesco,-0.17079200000000,51.46894300000000,Wandsworth
2007,Tesco,-0.15509400000000,51.43978600000000,Wandsworth
2008,Tesco,-0.21625500000000,51.46209000000000,Wandsworth
2009,Tesco,-0.18453900000000,51.46431000000000,Wandsworth
102,Asda,-0.24679900000000,51.43926000000000,Wandsworth
103,Asda,-0.16497400000000,51.46538100000000,Wandsworth
1719,Sainsbury's,-0.18881900000000,51.45983500000000,Wandsworth
1720,Sainsbury's,-0.17704500000000,51.46016500000000,Wandsworth
1721,Sainsbury's,-0.22189700000000,51.46173500000000,Wandsworth
1722,Sainsbury's,-0.18728500000000,51.44224900000000,Wandsworth
1723,Sainsbury's,-0.15758900000000,51.43570700000000,Wandsworth
1724,Sainsbury's,-0.19172600000000,51.45438500000000,Wandsworth
1725,Sainsbury's,-0.15181600000000,51.44432000000000,Wandsworth
1726,Sainsbury's,-0.21394700000000,51.46182000000000,Wandsworth
1727,Sainsbury's,-0.23290800000000,51.46401400000000,Wandsworth
1728,Sainsbury's,-0.20921500000000,51.45915900000000,Wandsworth
1729,Sainsbury's,-0.14132800000000,51.42476600000000,Wandsworth
1730,Sainsbury's,-0.16823200000000,51.42715000000000,Wandsworth
1731,Sainsbury's,-0.16926000000000,51.47123900000000,Wandsworth
1732,Sainsbury's,-0.16760100000000,51.44400200000000,Wandsworth
1733,Sainsbury's,,,Wandsworth
1734,Sainsbury's,-0.16917100000000,51.46376500000000,Wandsworth
1735,Sainsbury's,-0.13268400728703,51.47943878173830,Wandsworth
3572,Tesco,,,Westminster
3573,Tesco,-0.15826600000000,51.52254900000000,Westminster
3574,Tesco,-0.18191900000000,51.52838600000000,Westminster
3575,Tesco,-0.18764800000000,51.51445500000000,Westminster
3576,Tesco,-0.12701000000000,51.50719800000000,Westminster
3577,Tesco,-0.13932100000000,51.49220600000000,Westminster
3578,Tesco,-0.17947700000000,51.52528100000000,Westminster
3579,Tesco,-0.12522500000000,51.51102800000000,Westminster
3580,Tesco,-0.11206500000000,51.51352400000000,Westminster
3581,Tesco,-0.13348100000000,51.51563800000000,Westminster
3582,Tesco,-0.17193500000000,51.53399500000000,Westminster
3583,Tesco,-0.18734800000000,51.51257100000000,Westminster
3584,Tesco,-0.15622200000000,51.51749000000000,Westminster
3585,Tesco,-0.14165700000000,51.48756700000000,Westminster
3586,Tesco,-0.11927960000000,51.51098770000000,Westminster
3587,Tesco,-0.14320000000000,51.52368800000000,Westminster
3588,Tesco,-0.13105300000000,51.49644500000000,Westminster
3589,Tesco,-0.14663300000000,51.53336800000000,Westminster
3590,Tesco,-0.13382800000000,51.50658100000000,Westminster
3591,Tesco,-0.14575600000000,51.50689400000000,Westminster
3592,Tesco,-0.17762600000000,51.51892200000000,Westminster
3593,Tesco,-0.12501400000000,51.50141200000000,Westminster
3594,Tesco,-0.16337200000000,51.51566900000000,Westminster
3102,Sainsbury's,-0.14574499428272,51.49453735351560,Westminster
3103,Sainsbury's,,,Westminster
3104,Sainsbury's,-0.13569500000000,51.49599700000000,Westminster
3105,Sainsbury's,-0.18858700000000,51.51549500000000,Westminster
3106,Sainsbury's,-0.13824700000000,51.51824000000000,Westminster
3107,Sainsbury's,-0.17037700000000,51.52032900000000,Westminster
3108,Sainsbury's,-0.12387400000000,51.50878400000000,Westminster
3109,Sainsbury's,,,Westminster
3110,Sainsbury's,-0.20074300000000,51.52412600000000,Westminster
3111,Sainsbury's,-0.13737300000000,51.48971800000000,Westminster
3112,Sainsbury's,-0.14324100000000,51.52195300000000,Westminster
3113,Sainsbury's,-0.13581900000000,51.51626900000000,Westminster
3114,Sainsbury's,-0.15670500000000,51.52122900000000,Westminster
3115,Sainsbury's,-0.19336200000000,51.51538800000000,Westminster
3116,Sainsbury's,-0.18791400000000,51.51212100000000,Westminster
3117,Sainsbury's,-0.14929500000000,51.49316400000000,Westminster
3118,Sainsbury's,-0.17745200000000,51.51751600000000,Westminster
3119,Sainsbury's,-0.17574900000000,51.51540400000000,Westminster
3120,Sainsbury's,,,Westminster
3121,Sainsbury's,-0.12906800210476,51.51268005371090,Westminster
